question,answer
"What is this website about?","This website is an online platform where you can manage courses, users, and other content related to education. You can create, update, and delete courses and manage the associated user information."
"How do I sign up?","To sign up, click on the 'Sign Up' button on the homepage. You will be asked to provide basic information like your name, email address, and password."
"How do I log in?","To log in, click on the 'Login' button at the top right corner. Enter your email address and password to access your account."
"Can I reset my password?","Yes, if you've forgotten your password, you can reset it. Click on the 'Forgot Password?' link on the login page, and you will receive instructions to reset it via email."
"How do I change my account settings?","To change your account settings, go to your profile page and click on the 'Edit Profile' button. You can update your email, password, and other personal details there."
"How do I view my courses?","You can view all your courses by clicking on the 'Courses' tab in the navigation menu. From there, you can explore, enroll, and manage your courses."
"How can I contact support?","To contact support, visit the 'Support' section in the website's footer or click on the 'Help' button in the menu. You can then submit a request or chat with a support agent."
"What should I do if I encounter an error?","If you encounter any issues or errors, please contact our support team by visiting the 'Support' section. Provide the details of the error, and they will assist you."
"Can I delete my account?","Yes, you can delete your account by going to 'Account Settings' and selecting the 'Delete Account' option. Please note that this action is irreversible."
"How can I add a new course?","To add a new course, navigate to the 'Courses' section and click on 'Add New Course.' You will be asked to provide the course title, description, and other details."
"How do I enroll in a course?","To enroll in a course, go to the 'Courses' section and select the course you're interested in. Click on 'Enroll' to join the course."
"How do I complete a course?","To complete a course, you need to go through all the lessons and assignments. Once you've completed them, you can mark the course as finished."
"Is there any certification for completing a course?","Yes, after completing a course, you will receive a certificate that you can download and share."
"How do I search for courses?","To search for a course, use the search bar located at the top of the 'Courses' page. Type in keywords, and the relevant courses will appear in the search results."
"Can I share my progress with others?","Yes, you can share your course progress and certificates with others via social media or email."
"Hello!","Hi there! How can I assist you today?"
"Hi!","Hello! How can I help you today?"
"Good morning!","Good morning! How can I assist you today?"
"Good afternoon!","Good afternoon! How can I assist you today?"
"Good evening!","Good evening! How can I help you today?"
"How are you?","I'm doing great, thank you! How can I assist you today?"
"What can you do?","I can help you with managing courses, users, and provide answers to general questions. How can I assist you today?"
"What's your name?","I'm your friendly chatbot! How can I assist you today?"
"Thanks for your help!","You're welcome! If you need anything else, feel free to ask."
"Goodbye!","Goodbye! Have a great day! If you need help again, just ask."
What is business?	Business is the backbone of economic growth, fostering innovation, job creation, and societal development. It involves identifying opportunities, managing resources efficiently, and delivering value to customers while generating profits.
Why is business important?	Business drives economic growth, supports innovation, and creates job opportunities. It also meets consumer demands and contributes to societal development.
What are the key factors of a successful business?	Successful businesses are built on strong strategies, market research, and a deep understanding of consumer needs.
What is Artificial Intelligence (AI)?	AI involves building intelligent systems that can perform tasks that typically require human intelligence, such as problem-solving, decision-making, and learning from experience.
What is Machine Learning (ML)?	Machine Learning is a subset of AI that enables systems to learn from data, identify patterns, and make decisions with minimal human intervention.
How is AI used in healthcare?	AI helps in diagnosing diseases, personalizing treatments, predicting patient outcomes, and improving medical imaging techniques.
What is Cybersecurity?	Cybersecurity protects organizations, governments, and individuals from cyber threats by implementing practices, technologies, and strategies to secure networks, systems, and data.
Why is Cybersecurity important?	With the rise of digital threats, cybersecurity is essential to prevent data breaches, cyberattacks, identity theft, and financial fraud.
What is Astrophysics?	Astrophysics is the study of the universe, combining theoretical physics, observational studies, and advanced technology to explore celestial bodies and cosmic phenomena.
How does space science contribute to technology?	Space science has led to advancements in satellite communications, GPS technology, weather forecasting, and deep-space exploration.
What is Biotechnology?	Biotechnology is a field that uses biological systems and organisms to develop new technologies, particularly in healthcare, agriculture, and environmental science.
What is Bioinformatics?	Bioinformatics is the application of computational tools to analyze biological data, particularly in genomics, drug discovery, and personalized medicine.
How is Biotechnology used in healthcare?	Biotechnology contributes to medical advancements like genetic engineering, vaccine development, and personalized treatments for diseases.
What is Telemedicine?	Telemedicine uses digital technologies to provide remote healthcare services, enabling virtual consultations and remote patient monitoring.
What are the benefits of Telemedicine?	Telemedicine improves accessibility, reduces healthcare costs, and ensures timely medical intervention, especially in remote areas.
What is Fine Arts?	Fine Arts is a creative discipline that includes visual arts, music, dance, and theatre, allowing individuals to express themselves artistically.
What is Creative Design?	Creative Design involves using artistic skills and technology to create visually impactful and functional designs in various industries like fashion, media, and advertising.
What is Network Security?	Network Security focuses on protecting computer networks and data through firewalls, encryption, intrusion detection systems, and secure communication protocols.
Why is Network Security important?	It is essential for preventing cyber threats, protecting sensitive data, and ensuring the confidentiality, integrity, and availability of network resources.
	
	

